{"cameraMode":{"drawMode":0,"name":"Shaded","section":"Shading Mode"},"sceneLighting":false,"audioPlay":false,"sceneViewState":{"showFog":true,"showMaterialUpdate":false,"showSkybox":true,"showFlares":true,"showImageEffects":true,"showParticleSystems":true},"in2DMode":false,"pivot":{"x":0.08213329315185547,"y":1.774084448814392,"z":-5.007319450378418},"rotation":{"x":-0.30766212940216067,"y":0.6923300623893738,"z":-0.46939417719841006,"w":-0.45376744866371157},"size":4.79995059967041,"orthographic":false}