{"cameraMode":{"drawMode":0,"name":"Shaded","section":"Shading Mode"},"sceneLighting":false,"audioPlay":false,"sceneViewState":{"showFog":true,"showMaterialUpdate":false,"showSkybox":true,"showFlares":true,"showImageEffects":true,"showParticleSystems":true},"in2DMode":false,"pivot":{"x":0.0,"y":1.4050332307815552,"z":0.6470000147819519},"rotation":{"x":-0.12754186987876893,"y":0.8685046434402466,"z":-0.3804105222225189,"w":-0.2914043366909027},"size":0.8660255670547485,"orthographic":false}