{"cameraMode":{"drawMode":0,"name":"Shaded","section":"Shading Mode"},"sceneLighting":false,"audioPlay":false,"sceneViewState":{"showFog":true,"showMaterialUpdate":false,"showSkybox":true,"showFlares":true,"showImageEffects":true,"showParticleSystems":true},"in2DMode":false,"pivot":{"x":-13.056817054748536,"y":1.715262770652771,"z":4.706969738006592},"rotation":{"x":-0.0012595015577971936,"y":0.9987437725067139,"z":-0.025776660069823266,"w":-0.044669244438409808},"size":0.6977236866950989,"orthographic":false}