{"cameraMode":{"drawMode":0,"name":"Shaded","section":"Shading Mode"},"sceneLighting":false,"audioPlay":false,"sceneViewState":{"showFog":true,"showMaterialUpdate":false,"showSkybox":true,"showFlares":true,"showImageEffects":true,"showParticleSystems":true},"in2DMode":false,"pivot":{"x":0.7209539413452148,"y":1.1301555633544922,"z":0.2097254991531372},"rotation":{"x":0.2857401669025421,"y":0.5593988299369812,"z":-0.2136417031288147,"w":0.7482144236564636},"size":5.490363121032715,"orthographic":false}