{"cameraMode":{"drawMode":0,"name":"Shaded","section":"Shading Mode"},"sceneLighting":false,"audioPlay":false,"sceneViewState":{"showFog":true,"showMaterialUpdate":false,"showSkybox":true,"showFlares":true,"showImageEffects":true,"showParticleSystems":true},"in2DMode":false,"pivot":{"x":-2.8239219188690187,"y":1.6818275451660157,"z":0.7304482460021973},"rotation":{"x":0.3496078848838806,"y":0.41973793506622317,"z":-0.17935343086719514,"w":0.818202018737793},"size":2.57743239402771,"orthographic":false}